{"noiseKey":{"private":{"type":"Buffer","data":"+OjA0lWEmJa/U815iNtcRdz88LpwsZgygT0yFBNSemI="},"public":{"type":"Buffer","data":"RdOAYSv0MtNf2dLuBrfO4WAkBsa3Wsu6+ZB4NXnwfng="}},"signedIdentityKey":{"private":{"type":"Buffer","data":"2Df6iIehXOIFftpXfaA7R/V+Re8Ne7fzFAKmFRdrFVc="},"public":{"type":"Buffer","data":"mMUFxbRBOt6FaVdVsDZwTtYVQ+7SE1B8lTeq/iPkJV8="}},"signedPreKey":{"keyPair":{"private":{"type":"Buffer","data":"iFe+oKPs4OaQWVWxF2Y47UY7IvmdOQZ2dcWg3Qr+MV0="},"public":{"type":"Buffer","data":"FVXeBfKulddNtn7h6zE+RTglEUq/PzfEtui0aNJwOlc="}},"signature":{"type":"Buffer","data":"goD9UpGc4k6aJlGJMV5uVksGQFOJKgIWBTh1883vpfE95R9sYdX81aesFm/qYeHhNVhuZ/FP94TzeiBs2yj+Cg=="},"keyId":1},"registrationId":59,"advSecretKey":"+dFntbSYULZAR91QswLjVlKiQrApjCtKj3yg1ACcYog=","processedHistoryMessages":[{"key":{"remoteJid":"94740075693@s.whatsapp.net","fromMe":true,"id":"A378AB4876B3BFEAA77ED50740C891EA"},"messageTimestamp":1688650982},{"key":{"remoteJid":"94740075693@s.whatsapp.net","fromMe":true,"id":"51A8B4AD88EF71A894526A14FC12FA31"},"messageTimestamp":1688650986}],"nextPreKeyId":31,"firstUnuploadedPreKeyId":31,"accountSyncCounter":1,"accountSettings":{"unarchiveChats":false},"account":{"details":"CLXm9uQFEN+Jm6UGGAE=","accountSignatureKey":"oVwSQ+4jTz6Dff7DBE7pfmpaW8x4U58e2lSKnEBeBD4=","accountSignature":"0dFPA70RYcuE7vKfvZBYUs6rdaKjhbRVnB6GTAG4AxqyIXke/10ylXsiUcjVFPXhD/tnZ/vDhNaGrW876xTXBg==","deviceSignature":"h7poM1ARJ+Ee50S0nccXKfsIxGc6ahq4j2u15ztN0qwCwUx2hCtYJVcIfni5Z7Z2jLihzdTHrX5oNMHUCYR6Cg=="},"me":{"id":"94740075693:14@s.whatsapp.net","name":"kavee"},"signalIdentities":[{"identifier":{"name":"94740075693:14@s.whatsapp.net","deviceId":0},"identifierKey":{"type":"Buffer","data":"BaFcEkPuI08+g33+wwRO6X5qWlvMeFOfHtpUipxAXgQ+"}}],"platform":"android","lastAccountSyncTimestamp":1688650977,"myAppStateKeyId":"AA0AANzB"}